<?xml version="1.0" encoding="UTF-8"?>

<mule xmlns:ee="http://www.mulesoft.org/schema/mule/ee/core" xmlns="http://www.mulesoft.org/schema/mule/core"
	xmlns:doc="http://www.mulesoft.org/schema/mule/documentation"
	xmlns:xsi="http://www.w3.org/2001/XMLSchema-instance"
	xsi:schemaLocation="
http://www.mulesoft.org/schema/mule/ee/core http://www.mulesoft.org/schema/mule/ee/core/current/mule-ee.xsd http://www.mulesoft.org/schema/mule/core http://www.mulesoft.org/schema/mule/core/current/mule.xsd">
	<sub-flow name="common-httpStatus-module">
		<choice>
			<when expression="#['CONNECTIVITY' == error.errorType.namespace]">
				<logger level="INFO" doc:name="Log Connectivity Error" doc:id="7153d41a-6cfd-4c06-a187-e0ed0cbcdd25" message="CONNECTIVITY Error occurred"/>
				<set-variable value="${exception.connectivity.status}" doc:name="Set httpStatus" doc:id="d447c3f3-0163-4bcf-9c35-658a5cb55988" variableName="httpStatus"/>
				<set-variable value="${exception.connectivity.type}" doc:name="Set Type" doc:id="15dbb288-41e4-43a7-aeed-46d58bfcaa31" variableName="exceptionType" />
				<set-variable value="${exception.connectivity.description}" doc:name="Set Description" doc:id="c96e347e-b8c4-4ff2-893d-d2eac8221be9" variableName="exceptionDescription" />				
			</when>
			<when expression="#['INTERNAL' == error.errorType.namespace]">
				<logger level="INFO" doc:name="Log INTERNAL Error" doc:id="8f1bada3-217c-4d11-85e3-5707432fa673" message="INTERNAL Error occurred"/>
				<set-variable value="${exception.service.status}" doc:name="Set httpStatus" doc:id="55c5ad02-b8ef-43ff-b57c-f9eec853efd7" variableName="httpStatus"/>
				<set-variable value="${exception.service.type}" doc:name="Set Type" doc:id="d25a0d4e-9021-413c-9420-3c6f10752bf0" variableName="exceptionType" />
				<set-variable value="${exception.service.description}" doc:name="Set Description" doc:id="1fac4c83-8c6a-4619-84a9-196c30fb3f7a" variableName="exceptionDescription" />				
			</when>
			<when expression="#['SECURITY' == error.errorType.namespace]">
				<choice>
					<when expression="#['UNAUTHORIZED' == error.errorType.identifier]">
					<logger level="INFO" doc:name="Log UNAUTHORIZED Error" doc:id="7391df95-74d6-4ea0-aa65-986dcc0112c7" message="UNAUTHORIZED Error occurred"/>
				<set-variable value="${exception.security.unauthorized.status}" doc:name="Set httpStatus" doc:id="cebd83df-116c-49de-947a-0276766fb787" variableName="httpStatus"/>
				<set-variable value="${exception.security.unauthorized.type}" doc:name="Set Type" doc:id="3c200ee5-a715-426a-ad95-a388008253ab" variableName="exceptionType" />
				<set-variable value="${exception.security.unauthorized.description}" doc:name="Set Description" doc:id="9a1aeb58-a47a-4133-b786-eccec1380d02" variableName="exceptionDescription" />				
					</when>
					<otherwise>
					<logger level="INFO" doc:name="Log SECURITY Error" doc:id="76df12cf-a896-49cd-bc94-9d156e368ccc" message="SECURITY Error occurred"/>
				<set-variable value="${exception.security.default.status}" doc:name="Set httpStatus" doc:id="27a9c2b7-4348-490e-bddc-412958b7ae42" variableName="httpStatus"/>
				<set-variable value="${exception.security.default.type}" doc:name="Set Type" doc:id="fa895b4e-cdc2-4845-b726-058cf18ea6c4" variableName="exceptionType" />
				<set-variable value="${exception.security.default.description}" doc:name="Set Description" doc:id="85a46515-289c-4bdf-a1a5-1f40a6b92bfe" variableName="exceptionDescription" />				
						
					</otherwise>
				</choice>
			</when>
			<when expression="#[(error.errorType.namespace contains ('APIKIT')) or (error.errorType.namespace contains ('REST-VALIDATOR'))]">
				<choice doc:name="Choice" doc:id="a4b90281-acb2-480f-b3b2-6f8aa7900dd3">
				<when expression="#[('NOT_FOUND' == error.errorType.identifier)]">
				<logger level="INFO" doc:name="Log API NOT_FOUND Error" doc:id="446b978d-fe18-4fd3-96d3-4276dd5b7ea3" message="APIKIT or HTTP NOT_FOUND Error occurred"/>
				<set-variable value="${exception.apiKit.notFound.status}" doc:name="Set httpStatus" doc:id="cdaad79d-ea00-4c97-99c1-74101ec7af30" variableName="httpStatus"/>
				<set-variable value="${exception.apiKit.notFound.type}" doc:name="Set Type" doc:id="c7fc5ad1-3774-4c21-a396-47693c8c960d" variableName="exceptionType" />
				<set-variable value="${exception.apiKit.notFound.description}" doc:name="Set Description" doc:id="3326fde4-16b8-421f-bdb8-33ab0b200963" variableName="exceptionDescription" />				
				</when>
			<when expression="#['METHOD_NOT_ALLOWED' == error.errorType.identifier]">
				<logger level="INFO" doc:name="Log METHOD_NOT_ALLOWED Error" doc:id="4a7594bf-a33c-4d0a-a57a-6c58ae3f6a98" message="APIKIT or HTTP METHOD_NOT_ALLOWED Error occurred"/>
				<set-variable value="${exception.apiKit.methodNotAllowed.status}" doc:name="Set httpStatus" doc:id="95b85a42-8186-4fde-9146-6048f51d84a8" variableName="httpStatus"/>
				<set-variable value="${exception.apiKit.methodNotAllowed.type}" doc:name="Set Type" doc:id="fe65055a-7c52-44a5-b134-fe5b21fcb41a" variableName="exceptionType" />
				<set-variable value="${exception.apiKit.methodNotAllowed.description}" doc:name="Set Description" doc:id="7ce9e27d-faf3-4c90-9f9b-823eb4b24e69" variableName="exceptionDescription" />				
			</when>
			<when expression="#['NOT_ACCEPTABLE' == error.errorType.identifier]">
				<logger level="INFO" doc:name="Log NOT_ACCEPTABLE Error" doc:id="55af5ff2-447c-47ad-ac02-3c943774577d" message="APIKIT or HTTP NOT_ACCEPTABLE Error occurred"/>
				<set-variable value="${exception.apiKit.notAcceptable.status}" doc:name="Set httpStatus" doc:id="59780888-cdaf-424d-a985-3b739919d26e" variableName="httpStatus"/>
				<set-variable value="${exception.apiKit.notAcceptable.type}" doc:name="Set Type" doc:id="899e6837-223d-4167-8ae0-fdeebdcf7612" variableName="exceptionType" />
				<set-variable value="${exception.apiKit.notAcceptable.description}" doc:name="Set Description" doc:id="92d15dfe-d76d-4e68-80ae-3419173142ba" variableName="exceptionDescription" />				
			</when>
			<when expression="#['UNSUPPORTED_MEDIA_TYPE' == error.errorType.identifier]">
				<logger level="INFO" doc:name="Log UNSUPPORTED_MEDIA_TYPE Error" doc:id="b558260f-361a-42e2-8bec-f3789140609c" message="APIKIT or HTTP UNSUPPORTED_MEDIA_TYPE Error occurred"/>
				<set-variable value="${exception.apiKit.unsupportedMediaType.status}" doc:name="Set httpStatus" doc:id="e6ce1982-a67f-4ce1-87b4-4645daeee095" variableName="httpStatus"/>
				<set-variable value="${exception.apiKit.unsupportedMediaType.type}" doc:name="Set Type" doc:id="b9f8c7ff-9f14-4f25-82e8-ade8a451081b" variableName="exceptionType" />
				<set-variable value="${exception.apiKit.unsupportedMediaType.description}" doc:name="Set Description" doc:id="2ddb5a38-c392-4dba-bc78-8a6de2cc8f13" variableName="exceptionDescription" />				
			</when>
			<when expression="#['NOT_IMPLEMENTED' == error.errorType.identifier]">
				<logger level="INFO" doc:name="Log NOT_IMPLEMENTED Error" doc:id="8dd1c502-771b-4a45-afc7-8f14183e465e" message="APIKIT or HTTP NOT_IMPLEMENTED Error occurred"/>
				<set-variable value="${exception.apiKit.notImplemented.status}" doc:name="Set httpStatus" doc:id="bee364b2-781e-4eaf-8da6-f5905c21cf9a" variableName="httpStatus"/>
				<set-variable value="${exception.apiKit.notImplemented.type}" doc:name="Set Type" doc:id="85e18460-6ed1-4108-a94a-96087f3dc5eb" variableName="exceptionType" />
				<set-variable value="${exception.apiKit.notImplemented.description}" doc:name="Set Description" doc:id="eb156561-49a6-46ba-8d58-e67c4b3f87b0" variableName="exceptionDescription" />				
			</when>
			<when expression="#['BAD_REQUEST' == error.errorType.identifier]">
				<logger level="INFO" doc:name="Log BAD_REQUEST Error" doc:id="4d591e78-e5fe-4fc8-83c7-09f12a1e3e24" message="APIKIT or HTTP BAD_REQUEST Error occurred"/>
				<set-variable value="${exception.apiKit.badRequest.status}" doc:name="Set httpStatus" doc:id="16d7075c-dd37-4f86-a565-b027c217ca03" variableName="httpStatus"/>
				<set-variable value="${exception.apiKit.badRequest.type}" doc:name="Set Type" doc:id="d0773f30-0968-43ae-bc72-ed16fcc8b956" variableName="exceptionType" />
				<set-variable value="#[if(!isEmpty(error.description)) error.description
else
p('exception.apiKit.badRequest.description')]" doc:name="Set Description" doc:id="f49b038b-7240-43ce-8844-9d23b577400e" variableName="exceptionDescription" />				
			</when>
					<when expression="#[('RESOURCE_NOT_FOUND' == error.errorType.identifier)]">
						<logger level="INFO" doc:name="Copy_of_Log API NOT_FOUND Error" doc:id="7695c007-d844-455e-b16b-ec90082b28c6" message="APIKIT or HTTP NOT_FOUND Error occurred" />
						<set-variable value="${exception.apiKit.notFound.status}" doc:name="Copy_of_Set httpStatus" doc:id="3fbc686b-423e-4ee1-a67f-6fa062030dba" variableName="httpStatus" />
						<set-variable value="${exception.apiKit.notFound.type}" doc:name="Copy_of_Set Type" doc:id="c240a27b-3561-427c-8bbf-49672292c9d7" variableName="exceptionType" />
						<set-variable value="${exception.apiKit.notFound.description}" doc:name="Copy_of_Set Description" doc:id="1aed039b-20b0-4979-a600-9f6a74ce53b1" variableName="exceptionDescription" />
					</when>
					<otherwise>
				<logger level="INFO" doc:name="Log API Other Error" doc:id="5f63ae8e-77ae-41e2-8d3e-6da590d1b35c" message="APIKIT or HTTP other Error occurred"/>
				<set-variable value="#[if(!isEmpty(error.muleMessage.typedAttributes.statusCode))error.muleMessage.typedAttributes.statusCode 
else
if(!isEmpty(attributes.statusCode)) attributes.statusCode 
else 
p('exception.apiKit.default.status')]" doc:name="Set httpStatus" doc:id="72393c34-8b2f-4683-9b79-cd99f1d4bb06" variableName="httpStatus"/>
				<set-variable value="${exception.apiKit.default.type}" doc:name="Set Type" doc:id="2eed138e-fb3c-4d48-9d6d-807f223804ea" variableName="exceptionType" />
				<set-variable value="${exception.apiKit.default.description}" doc:name="Set Description" doc:id="5d03a6d2-066c-4e09-ba88-271d94b19e98" variableName="exceptionDescription" />				
			</otherwise>
			</choice>
			</when>
			<when expression="#['NOT_FOUND' == error.errorType.identifier]">
				<logger level="INFO" doc:name="Log NOT_FOUND Error" doc:id="efe21f44-92d1-4665-9997-d865481a25dc" message="NOT_FOUND Error occurred"/>
				<set-variable value="${exception.error.notFound.status}" doc:name="Set httpStatus" doc:id="2314c326-bd9e-459a-9ac0-0fb5e754dda6" variableName="httpStatus"/>
				<set-variable value="${exception.error.notFound.type}" doc:name="Set Type" doc:id="749d7daf-cad2-47ef-a462-f5571c057181" variableName="exceptionType" />
				<set-variable value="${exception.error.notFound.description}" doc:name="Set Description" doc:id="d4c50c54-0f22-44d2-ba9f-a820a66e1595" variableName="exceptionDescription" />
			</when>
			<when expression="#['CLIENTDB_ERROR' == error.errorType.identifier]">
				<logger level="INFO" doc:name="Log NOT_FOUND Error" doc:id="42cdc805-83ac-4983-ba07-ebde6e62da27" message="SQL SP Error occurred"/>
				<set-variable value="${exception.security.default.status}" doc:name="Set httpStatus" doc:id="574bbb83-b095-4b5e-bd9b-64a89290b740" variableName="httpStatus"/>
				<set-variable value="${exception.security.default.type}" doc:name="Set Type" doc:id="6782f1f0-5fac-4fab-bf35-ecd7295d7da5" variableName="exceptionType" />
				<set-variable value="${exception.security.default.description}" doc:name="Set Description" doc:id="3b3816dc-b142-42af-a672-6717fab9eca4" variableName="exceptionDescription" />
			</when>
			<when expression="#['CLIENTDB_ERROR' == error.errorType.identifier]">
				<logger level="INFO" doc:name="Log NOT_FOUND Error" doc:id="23adb950-6319-42ff-a08d-d87b4069e988" message="SQL SP Error occurred"/>
				<set-variable value="${exception.security.default.status}" doc:name="Set httpStatus" doc:id="ea774db7-02b2-4129-8f65-a9b912115c4b" variableName="httpStatus"/>
				<set-variable value="${exception.security.default.type}" doc:name="Set Type" doc:id="e576c076-cabf-4f9c-a989-530b7f1961e4" variableName="exceptionType" />
				<set-variable value="${exception.security.default.description}" doc:name="Set Description" doc:id="0476e875-b864-4aea-9c72-2a750a68b673" variableName="exceptionDescription" />				
			</when>
			<when expression="#['CLIENTDB_ERROR' == error.errorType.identifier]">
				<logger level="INFO" doc:name="Log NOT_FOUND Error" doc:id="0242c76f-0db9-4f76-933d-bab4d948c6b7" message="SQL SP Error occurred"/>
				<set-variable value="${exception.security.default.status}" doc:name="Set httpStatus" doc:id="448d61a3-60da-4eea-87b2-8be56915382b" variableName="httpStatus"/>
				<set-variable value="${exception.security.default.type}" doc:name="Set Type" doc:id="639d5ba9-108b-47d4-bf88-1c7a17bf6b19" variableName="exceptionType" />
				<set-variable value="${exception.security.default.description}" doc:name="Set Description" doc:id="d9e52995-296c-4c1d-8bf2-cfda4901465c" variableName="exceptionDescription" />				
			</when>
			<when expression="#['BAD_REQUEST' == error.errorType.identifier]">
				<logger level="INFO" doc:name="Log BAD_REQUEST Error" doc:id="a3f50a6f-4400-4f0b-b72c-ad69e69e68c5" message="APIKIT or HTTP BAD_REQUEST Error occurred" />
				<set-variable value="${exception.apiKit.badRequest.status}" doc:name="Set httpStatus" doc:id="cc323f7f-0d86-4d7c-97b4-0e0d85b6f529" variableName="httpStatus" />
				<set-variable value="${exception.apiKit.badRequest.type}" doc:name="Set Type" doc:id="8331268e-f805-4dc0-b06e-53b45fb44877" variableName="exceptionType" />
				<set-variable value="#[if (!isEmpty(error.exception.message)) error.exception.message else 
p('exception.apiKit.badRequest.description')]" doc:name="Set Description" doc:id="22a5e755-b956-45a3-8b08-503756b3dd96" variableName="exceptionDescription" />
			</when>
			<otherwise>
				<logger level="INFO" doc:name="Log Other Error" doc:id="46f4d1fc-6d55-48e0-b1fb-c746d0d62162" message="Other Error occurred non categorized"/>
				<set-variable value="#[if(!isEmpty(error.muleMessage.typedAttributes.statusCode))error.muleMessage.typedAttributes.statusCode 
else
if (!isEmpty(vars.httpStatus))vars.httpStatus
else 
p('exception.default.status')]" doc:name="Set httpStatus" doc:id="e0c843d5-7826-4678-a6c4-476250cf7fbd" variableName="httpStatus"/>
				<set-variable value="#[output application/json
--- 
if(!isEmpty(vars.errorFromParallelCall.errors.&quot;type&quot;[0])) vars.errorFromParallelCall.errors.&quot;type&quot;[0] 
else 
p('exception.default.type')]" doc:name="Set Type" doc:id="b121b5ef-e838-4f39-97b5-901610865798" variableName="exceptionType" />
				<set-variable value="#[output application/json
--- 
if(!isEmpty(error.muleMessage.typedValue.errors.details[0])) error.muleMessage.typedValue.errors.details[0] 
else
if(!isEmpty(vars.errorFromParallelCall.errors.&quot;message&quot;[0])) vars.errorFromParallelCall.errors.&quot;message&quot;[0]
else
p('exception.default.description')]" doc:name="Set Description" doc:id="a8297139-05fe-47a9-9594-6a567b36f486" variableName="exceptionDescription" />				
			</otherwise>
		</choice>
		<set-variable value="true" doc:name="Set ExceptionResponse" doc:id="781de426-90d9-4477-8c60-bb21c47b41e5" variableName="exceptionResponse"/>
	
</sub-flow>
	</mule>