<?xml version="1.0" encoding="UTF-8"?>

<mule xmlns:crypto="http://www.mulesoft.org/schema/mule/crypto"
	xmlns:json-logger="http://www.mulesoft.org/schema/mule/json-logger" xmlns:vm="http://www.mulesoft.org/schema/mule/vm"
	xmlns:http="http://www.mulesoft.org/schema/mule/http"
	xmlns:ee="http://www.mulesoft.org/schema/mule/ee/core" xmlns:java="http://www.mulesoft.org/schema/mule/java" xmlns="http://www.mulesoft.org/schema/mule/core" xmlns:doc="http://www.mulesoft.org/schema/mule/documentation" xmlns:xsi="http://www.w3.org/2001/XMLSchema-instance" xsi:schemaLocation="
http://www.mulesoft.org/schema/mule/ee/core http://www.mulesoft.org/schema/mule/ee/core/current/mule-ee.xsd http://www.mulesoft.org/schema/mule/core http://www.mulesoft.org/schema/mule/core/current/mule.xsd
http://www.mulesoft.org/schema/mule/java http://www.mulesoft.org/schema/mule/java/current/mule-java.xsd
http://www.mulesoft.org/schema/mule/http http://www.mulesoft.org/schema/mule/http/current/mule-http.xsd
http://www.mulesoft.org/schema/mule/vm http://www.mulesoft.org/schema/mule/vm/current/mule-vm.xsd
http://www.mulesoft.org/schema/mule/json-logger http://www.mulesoft.org/schema/mule/json-logger/current/mule-json-logger.xsd
http://www.mulesoft.org/schema/mule/crypto http://www.mulesoft.org/schema/mule/crypto/current/mule-crypto.xsd">

	<sub-flow name="common-mcs-subFlow" doc:id="0b1b3b72-c95b-4318-bcf3-1f6dda4f5610" >
		<async doc:name="Async" doc:id="ef73c457-9ff6-4558-bd78-d87797ec3145">
			<set-variable value="#[%dw 2.0
import * from dw::util::Timer
output application/java
---
currentMilliseconds()]" doc:name="Set mcsStartTime" doc:id="3878bd51-fe8b-4428-84be-12c3050a07be" variableName="mcsStartTime"/>
			<flow-ref doc:name="Execute CommonMCS" doc:id="bac609be-d850-430a-9417-30cae524d9be" name="common-mcs-module" />
			<set-variable value="#[%dw 2.0
import * from dw::util::Timer
output application/java
---
currentMilliseconds() - vars.mcsStartTime]" doc:name="Set mcsEndTime" doc:id="953dc04a-e843-4149-bec0-78076d28b518" variableName=" mcsEndTime"/>
		</async>
	</sub-flow>
	<flow name="common-mcsRequest-module" doc:id="8f8c3705-d420-48e5-8de6-5c30da44c42f">
		<set-variable value='#[%dw 2.0&#10;import * from dw::util::Timer&#10;output application/java&#10;---&#10;{&#10;	processName: "ServiceRequest" ++ " : " ++ vars.init.serviceName default "",&#10;	requestStartTime: now() default 0,&#10;	requestStartTimeMilliseconds: currentMilliseconds() default 0&#10;}]' doc:name="Set MCSRequestVars" doc:id="6cb5136d-bc2e-4d30-be5b-014917b05978" variableName="mcsRequestVars"/>
		<!-- [STUDIO:"Logger111"]<logger level="INFO" doc:name="Logger111" doc:id="e2529672-4df9-4fb2-9f8e-558e557dba64" message="logggingenableMCSLog&#45;&#45;&#45;&#45;&#45;&#45;&#45;&#45;&#45;&#45;&#45;&#45;**"/> [STUDIO] -->
		<!-- [STUDIO:"Logger222"]<logger level="INFO" doc:name="Logger222" doc:id="a32af4c0-04e0-4cf8-a6ea-084e4b24efa1" message="#[vars.enableMCSLog&#93;"/> [STUDIO] -->
		<!-- [STUDIO:"Logger33"]<logger level="INFO" doc:name="Logger33" doc:id="8f54c0c4-7675-42b9-9452-f76d147dce01" message="#[vars.capturePayload&#93;"/> [STUDIO] -->
		<!-- [STUDIO:"Logger444"]<logger level="INFO" doc:name="Logger444" doc:id="0561e027-ac5a-4bdd-97f2-92fa486a72c4" message="#[vars.enableLogging&#93;"/> [STUDIO] -->
		<async doc:name="Async" doc:id="9e01b02b-af28-4ebb-b4e5-2cfd7f508eaf" >
			<scatter-gather doc:name="Scatter-Gather" doc:id="88a1109f-078b-43fe-a937-81f78659653b" >
				<route >
					
					
					<choice doc:name="Choice" doc:id="ff9046c1-d9f0-4c61-95ba-c87f4fa91c99" >
						<when expression="#[vars.init.policyEnableJsonLog]">
							<logger level="INFO" doc:name="Logger" doc:id="3e15a9ee-b9cf-445c-817d-c0b69b3e34a9" message="mcsJsonLogs-------"/>
							<crypto:jce-encrypt-pbe doc:name="Jce encrypt pbe" doc:id="9836ec27-0ae7-41f2-98f6-75cdff25c112" target="encryption" password="${secure.key}">
								<crypto:content><![CDATA[#[payload.^raw default ""]]]></crypto:content>
							</crypto:jce-encrypt-pbe>
							<json-logger:logger doc:name="MCS Start Log" doc:id="962ebf55-fc25-4dfe-9418-5691e236f685" config-ref="JSON_Logger_Config" message="Service request received" category="Policy" correlationId="#[vars.init.correlationId]">
			<json-logger:content><![CDATA[#[import modules::JSONLoggerModule 
import toBase64 from dw::core::Binaries
var capturePayload= vars.capturePayload default false
output application/json ---
{
	serviceMetadata: {
		apiMethod: vars.init.method,
		endpointURI: vars.init.endpointURI,
		listenerPath: vars.init.listenerPath default "",
		apiName: vars.init.apiName,
		subject: vars.init.jwtSubject,
		consumerApp: vars.init.consumer,
		eventId: correlationId,
		transactionId: vars.init.transactionid,
		payloadSize: if(!isEmpty(payload.^raw)) sizeOf(payload.^raw) else 0,
		queryParams: attributes.queryParams, 
		headers: attributes.headers default "",
},
(payload: if (!isEmpty(payload.^raw) and (sizeOf(payload.^raw) <= p('eisl.loggerPayloadSize'))) toBase64(vars.encryption) else "Payload is Empty or Large") 
    if(vars.init.policyEnableJsonReqPayloadLog == true)
}]]]></json-logger:content>
		</json-logger:logger>
						</when>
					</choice>
					
				</route>
				<route >

					<choice doc:name="Choice" doc:id="cbe3e539-93b4-4c64-850a-a0d54efb0f48" >
						<when expression="#[vars.init.policyEnableMCSLog]">
							<logger level="INFO" doc:name="Logger" doc:id="e2a6ecee-5b6e-4140-80d4-38309a0191a2" message="Executing common-mcsServiceStart module----------" />
							<!-- [STUDIO:"Flow Ref MCS"]<flow-ref doc:name="Flow Ref MCS" doc:id="d070f1c8-2028-4495-b486-62e8a01d9336" name="common-mcs-module" /> [STUDIO] -->
						</when>
					</choice>
				</route>
			</scatter-gather>	
			
		</async>
		<!-- <flow-ref doc:name="Flow Ref common-mcs-subFlow" doc:id="71994439-b5da-4352-827e-62d6fba56d20" name="common-mcs-subFlow" /> -->
	</flow>
	<flow name="common-mcsResponse-module" doc:id="780f9bd8-b471-4020-909b-43c526ae4c1e" >
		<set-variable value='#[%dw 2.0&#10;import * from dw::util::Timer&#10;output application/java&#10;---&#10;{&#10;	processName: "ServiceResponse" ++ " : " ++ vars.init.serviceName default "",&#10;	requestStartTime: vars.mcsRequestVars.requestStartTime default 0,&#10;	requestStartTimeMilliseconds: vars.mcsRequestVars.requestStartTimeMilliseconds default 0,&#10;	requestEndTime: now() default 0,&#10;	requestEndTimeMilliseconds: currentMilliseconds() default 0&#10;}]' doc:name="Set mcsRequestVars" doc:id="d85c560c-677f-4676-80f0-0019e2daec65" variableName="mcsRequestVars"/>
		<async doc:name="Async" doc:id="8f01db17-be9c-44d6-9911-b32d1edd2eff" >
			<scatter-gather doc:name="Scatter-Gather" doc:id="33e00607-5525-49d1-983a-8ce0f9124c87" >
				<route >
					
					<choice doc:name="Choice" doc:id="b495dec9-1613-4125-9054-e59067f22104" >
						<when expression="#[vars.init.policyEnableJsonLog]">
							<logger level="INFO" doc:name="Logger" doc:id="83a6d4be-ead9-44bd-b3bb-e9ff70ec6ea8" />
							<crypto:jce-encrypt-pbe doc:name="Jce encrypt pbe" doc:id="2d0580db-4953-4753-8581-15283d2828cd" password="${secure.key}" target="encryption">
			<crypto:content><![CDATA[#[payload.^raw default ""]]]></crypto:content>
		</crypto:jce-encrypt-pbe>
			<json-logger:logger doc:name="Set mcsResp mcsRequestVars Log" doc:id="75cc3e1d-f069-4cfd-a64c-64ed89bfa1c8" config-ref="JSON_Logger_Config" message="Service response sent" category="Policy" tracePoint="END" correlationId="#[vars.init.correlationId]">
			<json-logger:content><![CDATA[#[import modules::JSONLoggerModule 
import toBase64 from dw::core::Binaries
var capturePayload= vars.capturePayload default false
output application/json ---
{
	serviceMetadata: {
		apiMethod: vars.init.method,
		endpointURI: vars.init.endpointURI,
		listenerPath: vars.init.listenerPath default "",
		apiName: vars.init.apiName,
		subject: vars.init.jwtSubject,
		consumerApp: vars.init.consumer,
		eventId: correlationId,
		transactionId: vars.init.transactionid,
		payloadSize: if(!isEmpty(payload.^raw)) sizeOf(payload.^raw) else 0, 
		headers: attributes.headers default "",
		statusCode: attributes.statusCode default "000",
		(timeTaken: (vars.mcsRequestVars.requestEndTimeMilliseconds - vars.mcsRequestVars.requestStartTimeMilliseconds)) if(!isEmpty(vars.mcsRequestVars.requestEndTimeMilliseconds) and !isEmpty(vars.mcsRequestVars.requestStartTimeMilliseconds))
		
},
(payload: if (!isEmpty(payload.^raw) and (sizeOf(payload.^raw) <= p('eisl.loggerPayloadSize'))) toBase64(vars.encryption) else "Payload is Empty or Large") 
    if(vars.init.policyEnableJsonReqPayloadLog == true)
    
}]]]></json-logger:content>
		</json-logger:logger>
						</when>
					</choice>
				</route>
				<route >
					<choice doc:name="Choice" doc:id="9937d286-f122-4c18-b6bd-07f1cba66058" >
						<when expression="#[vars.init.policyEnableMCSLog]">
							<logger level="INFO" doc:name="Logger" doc:id="70514f06-cce2-4096-a340-5fb296a4b03b" message="Executing common-mcsServiceEnd-module----------"/>
							<!-- [STUDIO:"Flow Ref common-mcs-module"]<flow-ref doc:name="Flow Ref common-mcs-module" doc:id="2d9362c1-e33b-4855-b65d-e20edd74ac28" name="common-mcs-module" /> [STUDIO] -->
						</when>
					</choice>
				</route>
			</scatter-gather>
		</async>
		<!-- <flow-ref doc:name="Flow Ref common-mcs-subFlow" doc:id="b12d28df-1fd1-470d-a9ec-b558c1b002ff" name="common-mcs-subFlow" /> -->
	</flow>
	<flow name="common-mcsTaskStart-module" doc:id="2d5783a9-715c-4d28-80ce-4f5d12e1c1c6">
		<set-variable value='#[%dw 2.0
import * from dw::util::Timer
import mergeWith from dw::core::Objects
output application/java
---
{
	processName: if (!isEmpty(vars.endpointMapping)) ("ProcessRequest : " ++ vars.endpointMapping.method default "" ++ ":" ++ vars.endpointMapping.url.host default "" ++ vars.endpointMapping.url.path default "") else "ProcessStart",
	taskStartTime: now() default 0,
	taskStartTimeMilliseconds: currentMilliseconds() default 0,
	xHeaders: (if(vars.maskedPath endsWith "process") (vars.init.xHeaders mergeWith {"transactionid" : uuid() default ""}) else vars.init.xHeaders) default ""
}]' doc:name="Set mcsTaskVars" doc:id="feedfb34-0f0f-445f-b60e-dd7228170918" variableName="mcsTaskVars" />
		<async doc:name="Async" doc:id="03f095ae-510f-434f-9a67-c39c4bc795b5" >
			<scatter-gather doc:name="Scatter-Gather" doc:id="3a056a6e-f94c-4294-b7ea-86f2c19ea473" >
				<route >
					
					<choice doc:name="Choice" doc:id="20e37515-f490-407c-ba81-1680d5211351" >
						<when expression="#[vars.init.policyEnableJsonLog]">
							<logger level="INFO" doc:name="Logger" doc:id="5cd542dd-8c39-4fdf-a852-a815a1f2e2fe" message="mcsTaskStart-------------"/>
							<crypto:jce-encrypt-pbe doc:name="Jce encrypt pbe" doc:id="4c6e54c3-b924-44b2-bbf7-7f423b94c471" password="${secure.key}" target="encryption">
			<crypto:content><![CDATA[#[payload.^raw default ""]]]></crypto:content>
		</crypto:jce-encrypt-pbe>
					<json-logger:logger doc:name="Set mts mcsTaskVars Log" doc:id="84524516-3f02-4342-878f-a3f811631269" config-ref="JSON_Logger_Config" message="Integration request sent" category="INTEGRATION" tracePoint="BEFORE_REQUEST" correlationId="#[vars.init.correlationId]">
			<json-logger:content><![CDATA[#[import modules::JSONLoggerModule
import mergeWith from dw::core::Objects
import toBase64 from dw::core::Binaries
 output application/json ---
{
	serviceMetadata: {
		apiMethod:  vars.endpointMapping.method default null,
		apiHost: vars.endpointMapping.url.host default null,
		endpointURI: vars.endpointMapping.url.path default null,
		subject: vars.init.jwtSubject,
		consumerApp: vars.init.consumer,
		eventId: correlationId,
		transactionId: vars.init.transactionid,
		payloadSize: if(!isEmpty(payload.^raw)) sizeOf(payload.^raw) else 0,
		queryParams: vars.endpointMapping.attributes.queryParams, 
		headers: if (isEmpty(vars.endpointMapping.headers)) vars.mcsTaskVars.xHeaders else (vars.endpointMapping.headers mergeWith (vars.mcsTaskVars.xHeaders)),
},
 (payload:if (!isEmpty(payload.^raw) and (sizeOf(payload.^raw) <= p('eisl.loggerPayloadSize'))) toBase64(vars.encryption) else "Payload is Empty or Large") if(vars.init.policyEnableJsonTaskPayloadLog == true)
}]]]></json-logger:content>
		</json-logger:logger>
						</when>
					</choice>
				</route>
				<route >
					<choice doc:name="Choice" doc:id="1c968fb3-77e5-44d0-9872-eb2d463cf69d" >
						<when expression='#[vars.init.policyEnableMCSTaskLog]'>
							<logger level="INFO" doc:name="LogTaskStart" doc:id="9fb24800-cc68-4086-97d0-adfb07644959" message="Executing common-mcsTaskStart-module---------------"/>
							<!-- [STUDIO:"Flow Ref common-mcs-module"]<flow-ref doc:name="Flow Ref common-mcs-module" doc:id="4eb26782-5b1d-4307-bdba-07b3ed62b6ab" name="common-mcs-module" /> [STUDIO] -->
						</when>
					</choice>
				</route>
			</scatter-gather>
		</async>
		<!-- <flow-ref doc:name="Flow Ref common-mcs-subFlow" doc:id="36ec6f20-4af0-4bd6-b800-9f4b41fe7d94" name="common-mcs-subFlow" /> -->
	</flow>
	<flow name="common-mcsTaskEnd-module" doc:id="40822b22-95a5-4b56-a432-a7ce29179cac">
		<set-variable value='#[%dw 2.0
import * from dw::util::Timer
output application/java
---
{
	processName: if (!isEmpty(vars.endpointMapping)) ("ProcessResponse : " ++ vars.endpointMapping.method default "" ++ ":" ++ vars.endpointMapping.url.host default "" ++ vars.endpointMapping.url.path default "") else "ProcessEnd",
	taskStartTime: vars.mcsTaskVars.taskStartTime default 0,
	taskStartTimeMilliseconds: vars.mcsTaskVars.taskStartTimeMilliseconds default 0,
	taskEndTime: now() default 0,
	taskEndTimeMilliseconds: currentMilliseconds() default 0
}]' doc:name="Set mcsTaskVars" doc:id="e038cf70-5771-4874-b5f5-2e97ee4ebd36" variableName="mcsTaskVars" />
		<async doc:name="Async" doc:id="047fc79b-903c-4efd-b748-c9c5929c9540" >
			<scatter-gather doc:name="Scatter-Gather" doc:id="7601094d-0a70-4d23-b9f3-d3fc82648244" >
				<route >
					
					<choice doc:name="Choice" doc:id="e5c4da45-715b-45d0-a69b-f6726b52ed59" >
						<when expression="#[vars.init.policyEnableJsonLog]">
							<logger level="INFO" doc:name="Logger" doc:id="1a47adf6-4667-4b8c-a96d-c52df54c5a55" message="mcsTaskEnd-------------"/>
							<crypto:jce-encrypt-pbe doc:name="Jce encrypt pbe" doc:id="a6f88879-2a2f-4f9d-ba2b-1c69ed4a1f61" password="${secure.key}" target="encryption">
			<crypto:content><![CDATA[#[payload.^raw default ""]]]></crypto:content>
		</crypto:jce-encrypt-pbe>
					<json-logger:logger doc:name="Set mte mcsTaskVars Log" doc:id="1f4f0185-e460-43d2-8b3e-a7c9f45e2828" config-ref="JSON_Logger_Config" message="Integration response received" category="INTEGRATION" tracePoint="AFTER_REQUEST" correlationId="#[vars.init.correlationId]">
			<json-logger:content><![CDATA[#[import modules::JSONLoggerModule
import mergeWith from dw::core::Objects
import toBase64 from dw::core::Binaries
 output application/json ---
{
	serviceMetadata: {
		apiMethod:  vars.endpointMapping.method default null,
		apiHost: vars.endpointMapping.url.host default null,
		endpointURI: vars.endpointMapping.url.path default null,
		subject: vars.init.jwtSubject,
		consumerApp: vars.init.consumer,
		eventId: correlationId,
		transactionId: vars.init.transactionid,
		payloadSize: if(!isEmpty(payload.^raw)) sizeOf(payload.^raw) else 0,
		queryParams: vars.endpointMapping.attributes.queryParams, 
		headers: attributes.headers,
		statusCode: attributes.statusCode,
		(timeTaken: (vars.mcsTaskVars.taskEndTimeMilliseconds - vars.mcsTaskVars.taskStartTimeMilliseconds)) if (!isEmpty(vars.mcsTaskVars.taskEndTimeMilliseconds) and !isEmpty(vars.mcsTaskVars.taskStartTimeMilliseconds))
},
      (payload: if (!isEmpty(payload.^raw) and (sizeOf(payload.^raw) <= p('eisl.loggerPayloadSize'))) toBase64(vars.encryption) else "Payload is Empty or Large") if(vars.init.policyEnableJsonTaskPayloadLog == true)
}]]]></json-logger:content>
		</json-logger:logger>
						</when>
					</choice>
				</route>
				<route >
<choice doc:name="Choice" doc:id="bfba66d1-a0c4-4034-9461-fa7e0f52ba43" >
						<when expression='#[vars.init.policyEnableMCSTaskLog]'>
							<logger level="INFO" doc:name="LogTaskEnd" doc:id="6f485469-c35c-4b5a-9472-30a48e9a4d39" message="Executing common-mcsTaskEnd-module----------"/>
							<!-- [STUDIO:"Flow Ref common-mcs-module"]<flow-ref doc:name="Flow Ref common-mcs-module" doc:id="0cd93458-f4f7-4810-8b24-20a10abf8629" name="common-mcs-module" /> [STUDIO] -->
						</when>
					</choice>
				</route>
			</scatter-gather>
		</async>
		<!-- <flow-ref doc:name="Flow Ref common-mcs-subFlow" doc:id="a1968d58-c03e-4e48-a6ea-bde324a9de47" name="common-mcs-subFlow" /> -->
	</flow>
	<flow name="common-mcs-module" doc:id="de2c48b7-8bd6-4752-b29c-56a21c352a8e">
<!-- 		<async doc:name="Async" doc:id="ff48fa90-3fe1-45c9-b674-1d61ccc76b00" > -->
			<ee:transform doc:name="Set MCSPayload" doc:id="37ed5c55-3f0c-4cd4-8936-42ebb8b2055e">
			<ee:message>
				<ee:set-payload resource="mappings/common-mcsRest-mapping.dwl" />
			</ee:message>
			<ee:variables>
			</ee:variables>
		
</ee:transform>

<logger level="INFO" doc:name="Log Before MCS" doc:id="f17d7e72-5c8f-4aa4-8949-32a957c492ce" message='#["apiKafkaIntegration----------------"]'/>
		<!-- [STUDIO:"Invoke static"]<java:invoke-static method="captureApiAudit(String)" doc:name="Invoke static" doc:id="40e0738c-49e5-44a0-ae5b-3668ceff8ad0" class="com.broadridge.notification.fw.ApplicationTracingClientHelper">
			<java:args ><![CDATA[#[{
arg0: payload
}&#93;&#93;&#93;></java:args>
		</java:invoke-static> [STUDIO] -->
		<logger level="INFO" doc:name="Log After MCS" doc:id="149ce445-89b8-49af-b86f-219d5c771826" message="After Sending mcs data to Kafka" />
			<!-- 			
 			<http:request method="POST" doc:name="Invoke MCSRest" doc:id="00da8c5e-ca6d-4be6-a23b-782d1244b38d" config-ref="common_traceHttpConfig" path="${trace.http.mcsuri}" />
			 -->
<!-- 			<vm:publish doc:name="Publish eisl-mcs.vmqueue" doc:id="e6f292b3-a11a-4ccc-b457-f011c62d5804" config-ref="VM_Config" queueName="eisl-mcs.vmqueue" timeout="60" sendCorrelationId="ALWAYS" correlationId="#[vars.init.correlationId]"/> -->
<!-- 		</async> -->
		<error-handler >
			<on-error-continue enableNotifications="true" logException="true" doc:name="On Error Continue" doc:id="117b0b1f-c103-443c-a0ff-d63290180a71" >
				<logger level="INFO" doc:name="Log MCSError" doc:id="059da8b1-5c57-4310-94f7-fa93641011cf" message="#[vars.baselogger ++ error.description]" />
			</on-error-continue>
		</error-handler>
	</flow>
</mule>
