<?xml version="1.0" encoding="UTF-8"?>

<mule xmlns:crypto="http://www.mulesoft.org/schema/mule/crypto"
xmlns:json-logger="http://www.mulesoft.org/schema/mule/json-logger" xmlns:vm="http://www.mulesoft.org/schema/mule/vm"
	xmlns:http="http://www.mulesoft.org/schema/mule/http"
	xmlns:ee="http://www.mulesoft.org/schema/mule/ee/core" xmlns:java="http://www.mulesoft.org/schema/mule/java" xmlns="http://www.mulesoft.org/schema/mule/core" xmlns:doc="http://www.mulesoft.org/schema/mule/documentation" xmlns:xsi="http://www.w3.org/2001/XMLSchema-instance" xsi:schemaLocation="http://www.mulesoft.org/schema/mule/core http://www.mulesoft.org/schema/mule/core/current/mule.xsd
http://www.mulesoft.org/schema/mule/java http://www.mulesoft.org/schema/mule/java/current/mule-java.xsd
http://www.mulesoft.org/schema/mule/ee/core http://www.mulesoft.org/schema/mule/ee/core/current/mule-ee.xsd
http://www.mulesoft.org/schema/mule/http http://www.mulesoft.org/schema/mule/http/current/mule-http.xsd
http://www.mulesoft.org/schema/mule/vm http://www.mulesoft.org/schema/mule/vm/current/mule-vm.xsd
http://www.mulesoft.org/schema/mule/json-logger http://www.mulesoft.org/schema/mule/json-logger/current/mule-json-logger.xsd
http://www.mulesoft.org/schema/mule/crypto http://www.mulesoft.org/schema/mule/crypto/current/mule-crypto.xsd">
	<flow name="common-ems-module" doc:id="59470927-f0a1-4251-b61f-1aa1bbe905c1" initialState="started">
		<set-variable value='#[%dw 2.0
import * from dw::util::Timer
output application/java
---
{
	processName: if (!isEmpty(vars.endpointMapping)) (vars.endpointMapping.method ++ ":" ++ vars.endpointMapping.url.host ++ vars.endpointMapping.url.path) else "Error:ServiceResponse",
	taskEndTime: now(),
	taskEndTimeMilliseconds: currentMilliseconds()
}]' doc:name="Set emsVars" doc:id="82054c06-0fe3-4946-9086-ee70cfe160b0" variableName="emsVars" />
		<choice doc:name="Choice" doc:id="04a915f0-9ef0-4b24-9b02-298373ceeea0">
			<when expression="#[isEmpty(vars.exceptionResponse)]">
				<async doc:name="Async" doc:id="091deb3a-a1f7-4020-af8f-67fde8372a80" >
					<scatter-gather doc:name="Scatter-Gather" doc:id="8ef16955-bda9-446c-915f-593034411333">
					<route>
						<logger level="INFO" doc:name="Logger" doc:id="92731ac9-7a6b-418e-825f-b1f063062fd4" />
						<json-logger:logger doc:name="Set mte mcsTaskVars Log" doc:id="d80afe64-14b2-4ac0-bc0a-f13e16762db2" config-ref="JSON_Logger_Config" message="Service exception captured" category="INTEGRATION" tracePoint="EXCEPTION" priority="ERROR" correlationId="#[vars.init.correlationId]">
			<json-logger:content><![CDATA[#[import modules::JSONLoggerModule
import mergeWith from dw::core::Objects
 output application/json ---
{
	serviceMetadata: {
        apiMethod: vars.init.method,
		apiName: vars.init.apiName,
		endpointURI: vars.init.endpointURI,
		subject: vars.init.jwtSubject,
		consumerApp: vars.init.consumer,
		eventId: correlationId,
		transactionId: vars.init.transactionid,
},
    payload: write(error,"application/json")
}]]]></json-logger:content>
		</json-logger:logger>
<!-- [STUDIO:"Set mcsTaskVars"]						<set-variable value='#[%dw 2.0&#10;import * from dw::util::Timer&#10;output application/java&#10;&#45;&#45;-&#10;{&#10;	processName: if (!isEmpty(vars.endpointMapping)) (vars.endpointMapping.method default "" ++ ":" ++ vars.endpointMapping.url.host default "" ++ vars.endpointMapping.url.path default "") else "ProcessEnd",&#10;	taskStartTime: vars.mcsTaskVars.taskStartTime default 0,&#10;	taskStartTimeMilliseconds: vars.mcsTaskVars.taskStartTimeMilliseconds default 0,&#10;	taskEndTime: now() default 0,&#10;	taskEndTimeMilliseconds: currentMilliseconds() default 0&#10;}]' doc:name="Set mcsTaskVars" doc:id="d8f022c5-df93-468f-a478-7a4dd15a8da3" variableName="mcsTaskVars" /> [STUDIO] -->
						<crypto:jce-encrypt-pbe doc:name="Jce encrypt pbe" doc:id="813cfd2e-9020-4bfe-8cef-2879df7d3319" password="${secure.key}" target="encryption">
					<crypto:content><![CDATA[#[payload.^raw default ""]]]></crypto:content>
				</crypto:jce-encrypt-pbe>
						<json-logger:logger doc:name="Set mte mcsTaskVars Log" doc:id="0ef8887a-6910-4e5a-93fb-7d132ef68558" config-ref="JSON_Logger_Config" message="Integration exception captured" category="INTEGRATION" tracePoint="AFTER_REQUEST" priority="ERROR" correlationId="#[vars.init.correlationId]">
			<json-logger:content><![CDATA[#[import modules::JSONLoggerModule
import mergeWith from dw::core::Objects
import toBase64 from dw::core::Binaries
 output application/json ---
{
	serviceMetadata: {
		apiMethod:  vars.endpointMapping.method default null,
		apiHost: vars.endpointMapping.url.host default null,
		endpointURI: vars.endpointMapping.url.path default null,
		subject: vars.init.jwtSubject,
		consumerApp: vars.init.consumer,
		eventId: correlationId,
		transactionId: vars.init.transactionid,
		payloadSize: if(!isEmpty(payload.^raw)) sizeOf(payload.^raw) else 0,
		queryParams: vars.endpointMapping.attributes.queryParams, 
		headers: if(!isEmpty(error.muleMessage.typedAttributes.headers)) error.muleMessage.typedAttributes.headers else null,
		statusCode: if(!isEmpty(error.muleMessage.typedAttributes.statusCode)) error.muleMessage.typedAttributes.statusCode else "000",
		(timeTaken: (vars.emsVars.taskEndTimeMilliseconds - vars.mcsTaskVars.taskStartTimeMilliseconds)) if(!isEmpty(vars.emsVars.taskEndTimeMilliseconds) and !isEmpty(vars.mcsTaskVars.taskStartTimeMilliseconds))
},
    payload:if (!isEmpty(payload.^raw) and (sizeOf(payload.^raw) <= p('eisl.loggerPayloadSize'))) toBase64(vars.encryption) else "Payload is Empty or Large"
}]]]></json-logger:content>
		</json-logger:logger>
					</route>
						<route >
							<!-- [STUDIO:"Logger"]<logger level="INFO" doc:name="Logger" doc:id="8be50b30-6346-4a04-9455-99425f29de21" /> [STUDIO] -->
							<!-- [STUDIO:"Set ems Payload"]<ee:transform doc:name="Set ems Payload" doc:id="74417af8-5672-40ab-a9d3-3d8060b6eec2">
			<ee:message>
				<ee:set-payload resource="mappings/common-emsRest-mapping.dwl" />
			</ee:message>
		</ee:transform> [STUDIO] -->
							<!-- [STUDIO:"Logger"]<logger level="INFO" doc:name="Logger" doc:id="ce67aa24-c1bd-4c3b-bc98-edf33abf0cff" message="&#45;&#45;&#45;&#45;&#45;&#45;&#45;&#45;&#45;&#45;&#45;&#45;&#45;&#45;&#45;&#45;before EMS"/> [STUDIO] -->
							<!-- [STUDIO:"Invoke static EMS"]<java:invoke-static doc:name="Invoke static EMS" doc:id="58dc77b0-dcb9-4e0b-916c-e8c1d1423add" class="com.broadridge.notification.fw.ApplicationTracingClientHelper" method="captureApiException(String)">
								<java:args ><![CDATA[#[{
arg0: payload
}&#93;&#93;&#93;></java:args>
							</java:invoke-static> [STUDIO] -->
							<logger level="INFO" doc:name="Logger" doc:id="8e32cc00-eff1-4746-906d-5bae73956ec8" message="ems completed-------------------------"/>
						</route>
				</scatter-gather>
				</async>
				<!-- <flow-ref doc:name="Execute MCSResponse" doc:id="bb26bc2a-eb8b-42a1-82f0-e6670b2384d5" name="common-mcsResponse-module"/> -->
			</when>
			<otherwise >
				<logger level="INFO" doc:name="LoggerNothing" doc:id="a653c94e-827e-4008-955b-66101c27bc62" />
				
			</otherwise>
		</choice>
		<!-- <vm:publish queueName="eisl-ems.vmqueue" doc:name="Publish eisl-ems.vmqueue" doc:id="97783d84-4aa8-4cde-953a-79a236807261" config-ref="VM_Config" sendCorrelationId="ALWAYS" timeout="60" correlationId="#[vars.init.correlationId]"/> -->
		<!-- <async doc:name="Async" doc:id="76c76399-0c68-44b4-b67f-ddadbaae9bf3" >
 			<http:request method="POST" doc:name="Invoke EMSRest" doc:id="a76de1a2-79ba-48d8-9b5a-2c44cfbeb625" path="${trace.http.emsuri}" config-ref="common_traceHttpConfig" />
		</async> -->
		<error-handler >
			<on-error-continue enableNotifications="true" logException="true" doc:name="On Error Continue" doc:id="83256969-7633-492b-9de3-96346e9b02dc" >
				<logger level="INFO" doc:name="Log EMSError" doc:id="1e3b82d9-f9c0-465b-8f60-22da7c50a52f" message="#[vars.baselogger ++ error.description]" />
			</on-error-continue>
		</error-handler>
	</flow>
</mule>